43;KEPEX;68.46895556;27.00278611;1
43;LANRU;68.80576667;27.657925;1
43;NUKMO;68.66065833;27.22858333;1
43;RUKEM;68.52923889;26.84719722;1
43;VENAB;68.40852778;27.15754722;1
43;ELPET;68.53845833;27.53635833;1
43;KUTIS;68.74473889;27.81323611;1
43;LANRU;68.80576667;27.657925;1
43;NEVUT;68.68356944;27.9677;1
43;LALTI;68.54291944;27.21708611;1
43;IRDON;68.68051944;27.62169444;1
43;IV361;68.61850278;27.43836667;1
32;RUMUT;68.20071111;23.2626;1
32;LEGSO;68.30056111;23.30839444;1
32;IBOTI;68.46432778;23.89200833;1
32;NOTVA;68.55944444;23.52082222;1
32;KUXIT;68.51198889;23.70680556;1
32;OLNUM;68.44393056;23.57752778;1
32;ET363;68.37021389;23.43921111;1
32;ET361;68.28798611;23.28499167;1
32;ET362;68.24267778;23.54926667;1
56;ADONA;67.53370833;25.17840278;1
56;EKLIM;67.89588333;24.72949722;1
56;ERTEB;67.49415556;24.75713611;1
56;GIRTU;67.68138889;24.63972222;1
56;NIBUK;67.72083333;25.06416667;1
56;UNLED;67.87763056;24.51454722;1
56;XERTI;67.91385278;24.94478056;1
56;XIVPA;67.51406944;24.96759444;1
56;KT361;67.7127;24.83832222;1
56;KT362;67.67251389;24.86539444;1
72;IXOPI;66.37819167;25.73730556;1
72;LUTET;66.47802778;25.405775;1
72;ODULI;66.42819722;25.57187222;1
72;EKNOM;66.60416667;25.64277778;1
72;NIPAK;66.70602778;26.10149167;1
72;TUTUT;66.65546389;26.26770556;1
72;VEKIP;66.75641667;25.9346;1
72;RUTUX;66.48788056;25.68436389;1
72;RO361;66.57631389;25.85232222;1
55;OKENU;66.05467222;28.75086111;1
55;RASRA;66.11656389;28.88729722;1
55;KUBUX;65.80679722;29.42364722;1
55;ADLUT;65.86810278;29.56037778;1
55;GIGOT;65.92411667;29.41044444;1
48;ROKVO;65.92581667;24.83411667;1
48;TOPLI;65.94767222;24.430775;1
48;BALEP;65.936875;24.63253056;1
48;USULO;65.86278889;24.60850833;1
48;GURDO;65.77083333;24.78277778;1
48;DEPAT;65.61431667;24.52895;1
48;OBOLU;65.60339444;24.72807778;1
48;KE361;65.79454167;24.58650278;1
48;RUPAT;65.62498056;24.32965833;1
48;MOSIP;65.688425;24.55251667;1
65;KELAN;65.08811111;25.11246667;1
65;ROGOT;65.91353889;25.79663889;1
65;RUGIN;65.01672222;25.01195;1
65;VADSI;64.94526667;24.91196667;1
65;KUMOK;64.84261389;25.69496389;1
65;LUNOX;64.77161667;25.59382778;1
65;XITBU;64.97816944;25.16503333;1
65;OU361;64.93869444;25.32066667;1
65;ARNON;64.88138333;25.54469722;1
50;ROGLU;64.33388611;27.24810556;1
50;LADID;64.25229167;27.28388889;1
50;ETEVI;64.17068611;27.31946111;1
50;EMBAN;64.23571389;28.13514722;1
50;INGIT;64.31751111;28.10190556;1
50;MOVUN;64.30233611;27.90598056;1
50;KUNES;64.3993;28.06846667;1
52;KOVIX;63.86208889;23.39555;1
52;RAKOV;63.56784722;22.88961667;1
52;SONAB;63.55271111;23.07281667;1
52;VABOX;63.53734167;23.25582222;1
52;XUDGI;63.70361111;23.32694444;1
52;LETSU;63.87763611;23.21051111;1
52;NIBAV;63.73416667;22.95833333;1
52;RITUT;63.89294722;23.02526944;1
52;DEVIK;63.6262;23.10368056;1
52;INROK;63.80405556;23.17904722;1
52;KK361;63.73013611;23.14760556;1
47;EVDAL;63.31408889;23.21672778;1
47;BETLU;63.30506389;22.84509444;1
47;KOKUG;63.30969444;23.02949444;1
47;XENLI;63.22674167;23.03949722;1
47;VAXUM;62.94449444;22.89043889;1
47;IPTIL;62.95340833;23.25476111;1
47;NAXIN;62.94906944;23.07257222;1
47;OSKAG;63.03202778;23.06275833;1
82;ETRUT;63.06455278;21.94409167;1
82;KETAG;63.21376111;21.65272778;1
82;LALGO;63.23784167;21.82898611;1
82;RATET;63.18946111;21.47676389;1
82;UMTUR;63.016425;21.59378889;1
82;ITVAT;62.91328611;22.04340556;1
82;PILAP;62.88946944;21.86892222;1
82;RUDUR;62.86543889;21.69472222;1
82;OTSAD;63.14221667;21.70085833;1
82;VA361;63.06736944;21.75094722;1
82;MAPOT;62.96106667;21.82162222;1
76;KUXUR;62.86773333;22.66315;1
76;LUGOB;62.730075;22.45986389;1
76;PERUV;62.79894167;22.56126944;1
76;SUGEB;62.757;22.69640556;1
76;NESPU;62.51604444;22.94855833;1
76;RIRTO;62.63060833;23.20948889;1
76;OSPAG;62.57338611;23.07877222;1
76;URORO;62.63351111;22.95433889;1
76;SI361;62.77095833;22.66703611;1
76;SI362;62.70185833;22.51037222;1
57;DOGIV;62.97416667;27.63;1
57;IDPIT;63.19578889;27.82160556;1
57;KUTIT;63.1635;27.65218889;1
57;LALON;63.13100833;27.48315278;1
57;UNAGU;63.03861111;27.96694444;1
57;INLUX;62.87604167;28.115675;1
57;LUPED;62.81196111;27.78025278;1
57;NAPAT;62.8441;27.94778333;1
57;SISGI;63.09463333;27.71652222;1
57;KU361;62.99030833;27.81334722;1
45;ARGAT;62.67573611;30.04874444;1
45;LIKLI;62.64375278;29.19636111;1
45;LOBSU;62.73861111;29.68333333;1
45;OTVIS;62.72183889;29.25811667;1
45;PODUD;62.79989444;29.3202;1
45;SOSET;62.52024167;29.92161111;1
45;TUPOT;62.79305556;28.88472222;1
45;ESUDU;62.69331667;29.42805556;1
45;XARAS;62.63013333;29.7991;1
45;JO361;62.65599167;29.64813889;1
46;SISBA;62.57109722;25.55159722;1
46;LUTOP;62.51110556;25.42711944;1
46;UMUTU;62.45362222;25.556775;1
46;ETNUP;62.45100278;25.30314444;1
46;IDNUL;62.33685833;26.07420278;1
46;GOBOS;62.27733056;25.94965833;1
46;LATLI;62.21769444;25.82560278;1
84;ELDIT;62.35360556;27.787025;1
84;MIVSU;62.25006667;27.50780556;1
84;KUXAN;62.30190556;27.647175;1
84;XENRA;62.24340556;27.74703056;1
84;VR361;62.08904722;28.00809167;1
84;VR362;62.04156111;27.82121667;1
84;VAKLU;61.99088889;27.94755556;1
84;SONOP;62.09355;28.22588056;1
84;BULUT;62.04228889;28.08648333;1
84;OTRIT;62.10105833;27.9879;1
36;NAKUP;61.95135556;25.17879444;1
36;MITKU;61.868425;25.18969167;1
36;SISVU;61.78548889;25.20053056;1
74;LASVI;62.1081;28.75821667;1
74;VALGU;62.04042778;28.655425;1
74;RESRI;61.97267778;28.55309167;1
74;NASAX;61.78221111;29.11706944;1
74;UGLOS;61.84954167;29.22001111;1
74;MATUT;61.89821389;29.07736667;1
74;RISNU;61.91679444;29.32340278;1
64;XELRO;61.82343333;26.96345278;1
64;IBUMI;61.66970556;26.83028611;1
64;VAMKI;61.74658611;26.89670278;1
64;SORLO;61.714925;27.05866667;1
64;EBESU;61.54333056;27.46935;1
64;KUGAB;61.69643056;27.60514167;1
64;GIKER;61.61989722;27.53707778;1
64;OTPOS;61.652125;27.37610278;1
78;EMBOT;61.35666667;23.80111111;1
78;LORVI;61.26565278;23.36023611;1
78;RIXIL;61.51583333;23.64611111;1
78;TP366;61.44083333;23.72111111;1
78;BANRI;61.29138889;22.96833333;1
78;GONEM;61.18388889;23.68972222;1
78;TP364;61.70666667;23.26416667;1
78;LULES;61.41525556;23.20953333;1
78;TESVA;61.340475;23.28506389;1
78;ADASI;61.41189444;23.99921111;1
78;ELSIT;61.33393611;23.65621389;1
78;KOKIT;61.56219722;23.85087778;1
78;KUREX;61.48706667;23.92522222;1
78;ROPSI;61.37297778;23.42536111;1
67;MABOM;61.49678056;21.39901944;1
67;REPLU;61.56445278;21.50002222;1
67;RUBOP;61.38833333;21.71583333;1
67;VANOT;61.63205;21.60146389;1
67;VESAP;61.52305556;21.91888889;1
67;PIBIR;61.42725278;22.19478333;1
67;TUXEL;61.29286111;21.99110833;1
67;ULVIS;61.36009444;22.09272778;1
67;NARMO;61.51610833;21.641625;1
67;ASVOK;61.40893333;21.95246111;1
60;XALUK;61.05468333;27.76153333;1
60;SOVOT;60.90230833;27.898125;1
60;NAPSO;60.97851389;27.82999167;1
60;ELBEL;61.0116;27.98690833;1
60;LP361;61.03939722;28.11968056;1
60;PESIN;61.18744722;28.39826667;1
60;KOSUP;61.11095833;28.46548056;1
60;ULPUG;61.07842222;28.30753056;1
81;USIMI;60.94083889;26.550675;1
81;ATVAP;60.778425;26.62307222;1
81;ULNAV;60.85963611;26.58696389;1
81;ERMUV;60.87718889;26.75355833;1
81;AMGUX;60.84755833;27.29229444;1
81;EPATU;61.01032222;27.22315833;1
81;RURET;60.92894444;27.25781389;1
81;OLDAP;60.91371944;27.10738611;1
38;GEDLO;60.17091111;24.62963333;1
38;PODOM;60.20580278;24.66960278;1
38;ELKUN;60.45641944;24.83452778;1
38;SUTAX;60.49396111;24.98474444;1
38;LUVEX;60.36521111;25.304725;1
38;VASUK;60.42651111;25.19130556;1
38;RIGRI;60.459825;25.22903611;1
38;OBONU;60.15879444;25.13937222;1
38;NURMI;60.41201111;24.88041111;1
38;KERAB;60.39294722;25.11674167;1
38;ESARA;60.23961944;24.743275;1
38;BOLSO;60.20475278;24.70318333;1
38;TUKMA;60.42628333;25.15435833;1
38;HK401;60.40868611;24.86610833;1
38;HK416;60.39793056;25.12779722;1
38;HK417;60.33837222;25.05974722;1
38;HK418;60.19858889;24.99925556;1
38;HK421;60.28079444;24.8524;1
38;HK427;60.36243333;24.61374444;1
38;HK428;60.2682;24.77254722;1
38;HK431;60.27686944;25.08753056;1
38;HK451;60.30466667;24.78194167;1
38;HK461;60.31826111;24.773625;1
38;HK481;60.34053333;24.78615;1
38;HK711;60.27216389;25.09830833;1
38;HK766;60.26473611;25.08192222;1
38;HK801;60.17194722;24.59607778;1
38;HK802;60.23315;24.48311389;1
38;HK803;60.08732778;24.41336944;1
38;HK804;60.10170278;24.72499444;1
38;HK806;59.98053611;25.31687778;1
38;HK807;60.41783333;25.42036111;1
38;HK811;60.13703333;24.55623056;1
38;HK812;60.19826667;24.44344722;1
38;HK813;60.08579444;24.44566944;1
38;HK814;60.07570556;24.66859444;1
38;HK817;60.35524167;25.12696944;1
38;HK821;60.50081389;24.78851667;1
38;HK822;60.53840556;24.93888333;1
38;HK823;60.48334722;24.55598056;1
38;HK824;60.64714722;25.30608333;1
38;HK826;60.46003333;25.26602222;1
38;HK827;60.39866944;25.37941389;1
38;HK828;60.530225;25.13557222;1
38;HK829;60.55417222;25.47718056;1
38;HK831;60.49332778;25.30386667;1
38;HK832;60.42304444;25.43396667;1
38;HK833;60.55456389;25.18986111;1
38;HK839;60.44363889;25.7126;1
38;HK841;60.38816389;25.58745833;1
38;HK842;60.4452;25.48369722;1
38;HK843;60.50689444;25.37088333;1
38;HK844;60.151625;25.33328056;1
38;HK846;60.07676111;25.03592222;1
38;HK847;60.23295278;25.064;1
38;HK849;60.30629167;24.59266944;1
38;HK851;60.21129167;24.38683056;1
38;HK852;60.13825;24.52314722;1
38;HK853;60.23283889;25.35441944;1
38;HK854;60.34158611;25.49408611;1
38;HK856;60.24883333;24.76339167;1
38;HK857;60.392825;25.08011667;1
38;HK858;60.24383611;24.78845;1
38;HK859;60.28581944;25.01003056;1
38;HK861;60.11427778;25.18443333;1
38;HK862;60.35663056;24.74905278;1
38;HK863;60.33128056;25.15139444;1
38;HK864;60.29700556;24.90496389;1
38;HK866;60.35392778;25.03037222;1
38;HK867;60.63180556;25.18891111;1
38;HK868;60.748825;25.51963056;1
38;HK869;60.49240556;24.56558056;1
38;HK871;60.43406667;24.50383611;1
38;HK872;60.51362778;24.77518889;1
38;HK873;60.25122222;24.31193611;1
38;HK874;60.20804167;24.16921111;1
38;HK876;60.11590278;24.217275;1
37;KOPET;60.38114444;25.31744444;1
37;RASUS;60.32521389;25.19337222;1
37;HF361;60.26916667;25.06972222;1
37;HF362;60.22056389;25.09894722;1
80;GONTA;60.41576667;21.93726667;1
80;LABEK;60.49850278;21.92131389;1
80;PIVED;60.59694444;22.2475;1
80;POKAR;60.58123333;21.90528056;1
80;RETPU;60.43138889;22.27805556;1
80;TAVSU;60.61250278;22.61030833;1
80;TIXET;60.10972222;21.88055556;1
80;ITSUG;60.52969167;22.62455833;1
80;SOPTU;60.13055556;22.05888889;1
80;VESEK;60.44687778;22.63873333;1
80;LASMO;60.50551667;22.07230556;1
80;DITIR;60.52329722;22.47322778;1
80;TU361;60.51518056;22.28682222;1
62;RATSO;60.00972222;19.62046389;1
62;NARIL;59.97697778;19.77296111;1
62;VASET;59.94405833;19.92515833;1
62;TINUT;60.23566111;20.17911944;1
62;BANSU;60.26887222;20.02582778;1
62;REPSU;60.30190556;19.872225;1
1000;ABEXI;62.3294444;25.83444444;1
1000;ABIKI;60.4527778;21.42027778;1
1000;ABKUR;66.9600000;24.24555556;1
1000;ABOVA;64.9316667;25.35916667;1
1000;AGAMO;63.1466667;31.26500000;1
1000;AGIXA;61.0513889;22.00000000;1
1000;AKOVU;64.6533333;24.80305556;1
1000;ALAMI;59.0477778;20.91583333;1
1000;ALIBA;60.7730556;22.62777778;1
1000;AMEDU;60.4802778;23.61222222;1
1000;AMEVA;61.4383333;27.39361111;1
1000;ANAVO;60.8630556;25.12694444;1
1000;ANELO;67.9783333;24.23916667;1
1000;APRIS;61.2913889;22.96833333;1
1000;APROV;63.3780556;27.76694444;1
1000;ARBIS;61.8630556;25.01416667;1
1000;ARDIL;61.1886111;22.45527778;1
1000;ARDUT;64.5088889;25.01694444;1
1000;ARMIT;60.1361111;20.53277778;1
1000;ARNUR;66.2411111;26.10055556;1
1000;ARTUR;60.3466667;24.06388889;1
1000;ASDUL;60.2063889;26.57805556;1
1000;ASKUS;66.9580556;26.13944444;1
1000;ASTIV;60.2347222;24.42388889;1
1000;ATMAT;64.0630556;22.38027778;1
1000;ATNIS;65.3963889;24.98194444;1
1000;ATRIV;60.9500000;22.33000000;1
1000;BABUX;66.0558333;25.15916667;1
1000;BAKLA;61.3625000;19.41583333;1
1000;BALTI;59.9041667;25.25166667;1
1000;BAMIS;67.6108333;24.90527778;1
1000;BAMPO;61.9733333;25.96000000;1
1000;BANAX;61.9922222;28.79944444;1
1000;BAPOL;60.3036111;24.60194444;1
1000;BEXUL;65.5927778;24.15388889;1
1000;BIGNU;64.8852778;24.51472222;1
1000;BILSA;65.8650000;25.44250000;1
1000;BISRO;67.2388889;25.24138889;1
1000;BODRI;62.4150000;19.82416667;1
1000;BUKOT;60.1961111;20.54055556;1
1000;BUPIT;61.3405556;22.37083333;1
1000;DEDIT;63.2583333;20.45055556;1
1000;DEKOP;61.0675000;27.27833333;1
1000;DEKOT;64.8569444;25.61805556;1
1000;DELAP;60.2469444;20.54722222;1
1000;DELES;64.4736111;23.51333333;1
1000;DEMOT;62.5927778;21.77388889;1
1000;DEROX;61.2905556;26.17305556;1
1000;DEXIT;62.6263889;26.40444444;1
1000;DINBA;60.2038889;24.26861111;1
1000;DIPAR;62.0797222;25.12444444;1
1000;DISOS;62.6997222;29.41111111;1
1000;DOBAN;59.7994444;24.45250000;1
1000;DODAM;60.0444444;19.30166667;1
1000;DOPUD;68.1413889;23.32166667;1
1000;EBOLU;66.2047222;24.80027778;1
1000;EBUNA;60.3408333;20.45388889;1
1000;EKMIK;65.2516667;23.72750000;1
1000;ELBUS;65.8483333;25.80861111;1
1000;ELMAK;62.4380556;27.71916667;1
1000;ELMUT;60.1700000;24.09916667;1
1000;ELMUX;62.8908333;22.61361111;1
1000;ELPEN;60.3138889;25.49583333;1
1000;ELPIR;60.2944444;25.58861111;1
1000;ELSUS;61.1375000;26.57555556;1
1000;EMLIS;61.6486111;25.12527778;1
1000;ENEXI;69.3308333;25.75277778;1
1000;ENOKI;60.8266667;23.59944444;1
1000;ENUTO;60.4813889;24.77555556;1
1000;EPESA;65.4200000;25.28250000;1
1000;EPESI;62.6919444;25.22333333;1
1000;EREPO;65.3666667;25.80083333;1
1000;ERKES;61.4647222;21.79583333;1
1000;ERSAV;60.3083333;24.57833333;1
1000;ESOPA;60.3975000;20.73111111;1
1000;ETABI;62.9152778;26.13500000;1
1000;ETANI;62.7555556;21.34194444;1
1000;ETOLO;68.4222222;23.53666667;1
1000;ETSIR;65.9205556;29.40666667;1
1000;ETSON;66.6466667;25.98694444;1
1000;EVLAN;60.2522222;19.11194444;1
1000;EVOLA;68.5111111;24.97666667;1
1000;GALPI;62.8469444;20.14027778;1
1000;GANKI;62.6941667;26.09277778;1
1000;GAPRO;69.1725000;21.79611111;1
1000;GASKU;62.8622222;28.49555556;1
1000;GATRI;64.9333333;29.61666667;1
1000;GEKLU;61.8183333;28.51166667;1
1000;GEKSI;63.7436111;26.29861111;1
1000;GELSO;62.6377778;22.23444444;1
1000;GESMI;61.9802778;23.83722222;1
1000;GETSO;60.8663889;26.34416667;1
1000;GIMIS;61.4327778;22.92222222;1
1000;GIMUL;60.3822222;21.38888889;1
1000;GIPLU;61.5008333;27.08944444;1
1000;GIRLA;60.1908333;24.56194444;1
1000;GONGI;61.2652778;21.50000000;1
1000;GOSOV;66.4661111;25.65777778;1
1000;GUBLA;62.0533333;27.59111111;1
1000;GUPLO;60.1869444;22.55250000;1
1000;GUPSA;60.6275000;23.60666667;1
1000;IBARI;61.9802778;23.31944444;1
1000;IDEKU;61.4544444;23.78055556;1
1000;IDMOP;60.4008333;25.05250000;1
1000;INGOD;68.0086111;25.56250000;1
1000;INKAT;63.9369444;22.68833333;1
1000;INKIS;60.9375000;22.86861111;1
1000;INKOL;60.4988889;24.09611111;1
1000;INLOG;60.1716667;26.94638889;1
1000;INTOR;59.8277778;25.18666667;1
1000;IPLOT;64.4397222;25.53583333;1
1000;IPSON;61.0772222;28.30805556;1
1000;IPSUL;61.7836111;21.79000000;1
1000;IRGAL;62.8305556;20.01083333;1
1000;IRKUN;65.4080556;25.40111111;1
1000;KEKEL;61.3316667;25.72000000;1
1000;KEKOX;66.0463889;25.45944444;1
1000;KELAS;60.4686111;19.17583333;1
1000;KELEK;68.5033333;28.45833333;1
1000;KEMUP;65.8463889;24.60277778;1
1000;KEPIT;61.8858333;29.11611111;1
1000;KEPUK;62.7827778;23.16416667;1
1000;KESAG;69.4161111;25.82027778;1
1000;KESUN;67.5836111;23.54388889;1
1000;KETOL;61.8000000;30.08333333;1
1000;KOKAT;62.6666667;31.37527778;1
1000;KOKED;60.2002778;19.96583333;1
1000;KOKIS;64.3166667;23.94972222;1
1000;KOLUP;67.3322222;23.76666667;1
1000;KOMEK;62.4216667;31.10833333;1
1000;KOMOX;61.0058333;27.96111111;1
1000;KONUX;64.2825000;27.65583333;1
1000;KOSKA;59.1827778;20.67611111;1
1000;KOTOS;62.8788889;20.39472222;1
1000;KOVOT;60.8711111;26.73194444;1
1000;KUDOP;59.9794444;24.07666667;1
1000;KUGIT;68.4422222;22.49694444;1
1000;KUKUS;65.9916667;29.23583333;1
1000;KULUS;66.4411111;26.59944444;1
1000;KURAX;63.7916667;23.17388889;1
1000;KUSOS;62.8394444;23.46166667;1
1000;KUVAK;60.7302778;25.59083333;1
1000;LAKUT;60.4380556;23.87638889;1
1000;LAMPI;63.5386111;21.03666667;1
1000;LAPEG;60.9147222;27.13111111;1
1000;LAPSU;63.7394444;25.93305556;1
1000;LARPU;62.3625000;23.14083333;1
1000;LAVTU;60.2052778;25.23166667;1
1000;LEDUN;59.9750000;26.11166667;1
1000;LEGMA;61.5119444;21.65305556;1
1000;LEKRA;66.3913889;24.91305556;1
1000;LEKSU;61.6919444;24.34666667;1
1000;LELVI;63.7958333;22.61055556;1
1000;LERSA;61.7255556;23.52777778;1
1000;LILVO;61.9527778;28.91416667;1
1000;LIMRO;68.2063889;23.80361111;1
1000;LIRVO;66.3177778;23.65472222;1
1000;LITSU;62.8000000;23.35000000;1
1000;LUKAS;65.0738889;24.64972222;1
1000;LUKAT;61.9433333;25.12472222;1
1000;LUNAL;60.9611111;28.21555556;1
1000;LUNEB;62.4208333;25.62333333;1
1000;LUNUT;62.0013889;28.77111111;1
1000;LUPET;59.6402778;19.87638889;1
1000;LURIX;61.2055556;27.83333333;1
1000;LUVIT;62.0927778;24.48805556;1
1000;MAGON;66.7352778;23.89222222;1
1000;MAMAX;60.0497222;19.83361111;1
1000;MAPUS;60.5008333;21.98833333;1
1000;MAROM;60.4477778;24.04361111;1
1000;MARUG;64.9938889;25.08222222;1
1000;MAXAN;63.7511111;27.72194444;1
1000;MEBIX;61.4577778;23.79916667;1
1000;MEDOT;60.4405556;23.09222222;1
1000;MIKVI;61.8583333;28.39277778;1
1000;MILSI;60.5313889;26.10638889;1
1000;MIMLA;63.8252778;25.26250000;1
1000;MISMO;66.1747222;23.81944444;1
1000;MISMU;62.7275000;25.93833333;1
1000;MOHNI;59.8969444;25.58500000;1
1000;MOPUX;62.6233333;29.85000000;1
1000;MOVUK;67.9675000;23.62944444;1
1000;NALIX;62.9597222;21.06194444;1
1000;NAPSU;67.2419444;26.37527778;1
1000;NARNA;69.2505556;27.92916667;1
1000;NASUL;66.0661111;25.67361111;1
1000;NATIT;66.0522222;29.04138889;1
1000;NEBET;67.0347222;23.71694444;1
1000;NEMIX;64.0233333;23.85138889;1
1000;NESIN;62.2997222;30.12250000;1
1000;NETGO;68.5191667;26.48583333;1
1000;NIKRU;61.2200000;22.99138889;1
1000;NILMO;62.2833333;29.23472222;1
1000;NINEV;60.2683333;26.49472222;1
1000;NIPAN;61.1505556;22.12416667;1
1000;NIPSA;68.9127778;27.72222222;1
1000;NIRPU;60.7741667;22.13361111;1
1000;NISIX;59.3186111;20.43166667;1
1000;NOLGI;61.9302778;23.02333333;1
1000;NOPSA;65.8533333;25.61277778;1
1000;NOSLO;64.2736111;24.06805556;1
1000;NUKSA;64.5411111;27.88111111;1
1000;NUKSI;60.3077778;24.62472222;1
1000;NUNVA;62.5213889;27.73333333;1
1000;NURGA;62.9472222;21.83638889;1
1000;NUTRU;60.2900000;25.45472222;1
1000;OBEXI;66.0666667;29.02444444;1
1000;OBIRO;67.1947222;24.97777778;1
1000;ODEVO;62.6605556;29.61055556;1
1000;ODEXA;60.3377778;24.95361111;1
1000;OGASI;63.4002778;23.38777778;1
1000;OGLAV;68.8330556;21.17277778;1
1000;OGLOB;59.9330556;19.46222222;1
1000;OKAMO;64.0088889;23.57194444;1
1000;OKLOR;60.8336111;25.76222222;1
1000;OKMUR;61.8547222;24.80250000;1
1000;OLAXU;68.4538889;27.45138889;1
1000;OLEMA;60.2333333;27.47500000;1
1000;OMELU;63.2972222;22.23416667;1
1000;OMILO;62.1644444;29.11888889;1
1000;OSMET;61.3700000;23.42555556;1
1000;OSMIN;60.0225000;21.86444444;1
1000;OSNIL;62.3725000;28.95666667;1
1000;OSTOS;64.4350000;25.31500000;1
1000;OSTOT;59.2875000;22.17861111;1
1000;OTLAT;62.7819444;27.01361111;1
1000;OXOLA;60.1152778;22.67777778;1
1000;OXURO;61.0391667;28.11805556;1
1000;PABRU;60.7063889;26.49611111;1
1000;PABVO;68.6636111;23.31833333;1
1000;PEKUS;61.4497222;22.36250000;1
1000;PELAK;62.7475000;25.66027778;1
1000;PELOP;66.8033333;23.98638889;1
1000;PEMER;62.8466667;22.34333333;1
1000;PEMOS;60.9169444;24.22416667;1
1000;PENAD;60.2783333;25.49333333;1
1000;PEPUT;64.4413889;25.78694444;1
1000;PERIL;61.7386111;21.94694444;1
1000;PESIR;62.6422222;22.93611111;1
1000;PETOT;59.5111111;23.14194444;1
1000;PEVEN;59.6277778;21.55972222;1
1000;PEXEN;59.9130556;23.82444444;1
1000;PEXUT;60.2169444;19.98194444;1
1000;PIKUT;66.6341667;25.96305556;1
1000;PILEL;64.3961111;27.75416667;1
1000;PIPAT;60.9166667;27.61583333;1
1000;PIPON;61.8497222;24.59194444;1
1000;PIRUX;62.5450000;22.54222222;1
1000;PISIN;65.7658333;29.01388889;1
1000;PISOM;63.4172222;23.10722222;1
1000;PISOV;61.8697222;29.56000000;1
1000;PITUM;61.4047222;21.96222222;1
1000;PIVAK;60.7338889;24.45805556;1
1000;PIVOR;61.4100000;23.57777778;1
1000;POBUS;63.4222222;22.93944444;1
1000;POGOM;63.2219444;23.04055556;1
1000;POKAS;59.9813889;19.39250000;1
1000;POKEX;63.9850000;27.31055556;1
1000;RALOX;63.2694444;21.43444444;1
1000;RAMAN;61.0825000;22.57555556;1
1000;RAMIM;59.7683333;23.31083333;1
1000;RAPOT;63.3838889;21.26638889;1
1000;RATLA;60.8583333;28.33833333;1
1000;REDBO;60.4272222;24.86444444;1
1000;REKSA;60.9727778;27.55222222;1
1000;RELSU;62.8438889;22.74888889;1
1000;RETGI;61.1627778;21.69500000;1
1000;RIKSI;63.0755556;22.28416667;1
1000;RIKUM;59.9708333;19.40805556;1
1000;RIMPU;62.5627778;27.38972222;1
1000;RIPVI;60.2733333;24.58527778;1
1000;RISAT;61.1947222;26.47000000;1
1000;RITSA;60.2961111;21.50333333;1
1000;RITUN;61.4033333;27.88361111;1
1000;RIVOX;62.3886111;24.02944444;1
1000;ROLAT;60.2991667;25.52222222;1
1000;ROLOS;62.5058333;22.38472222;1
1000;ROLSI;63.1691667;21.68333333;1
1000;RONLO;67.8066667;24.78277778;1
1000;ROPSU;66.5625000;25.82027778;1
1000;ROTES;62.4819444;25.45305556;1
1000;ROTUS;65.7661111;24.13888889;1
1000;ROVAN;69.7972222;28.53083333;1
1000;ROVIL;60.8213889;25.12583333;1
1000;ROVIX;66.2538889;24.21305556;1
1000;ROVSU;63.1052778;27.71777778;1
1000;RUDAM;62.5419444;30.36972222;1
1000;RUNEN;60.2575000;24.08166667;1
1000;RUNES;69.6608333;28.37750000;1
1000;RUNGA;59.7497222;19.72416667;1
1000;RUSOX;60.5152778;22.25638889;1
1000;SISPO;65.1436111;26.08305556;1
1000;SITMU;60.4950000;23.09833333;1
1000;SITSO;66.9563889;25.48750000;1
1000;SIVNU;69.5744444;29.23777778;1
1000;SONOX;60.8119444;22.11555556;1
1000;SOPAT;68.0597222;27.83944444;1
1000;SOPRI;64.6705556;26.31194444;1
1000;SOREP;61.6344444;21.15666667;1
1000;SORUK;61.7066667;23.26416667;1
1000;SUDAT;59.9083333;25.33111111;1
1000;SUDIP;67.4541667;25.05000000;1
1000;SUKIS;68.4647222;27.66694444;1
1000;SUMES;62.2052778;28.65138889;1
1000;SUPOX;68.3030556;26.52972222;1
1000;SUSAT;66.6536111;25.92250000;1
1000;SUTAM;61.2677778;28.31277778;1
1000;SUTEV;64.5538889;22.73777778;1
1000;SUVOS;63.1136111;23.65166667;1
1000;TADIT;62.7063889;26.71583333;1
1000;TAKOT;63.4133333;23.24250000;1
1000;TALUG;62.5211111;23.06527778;1
1000;TEKVU;61.8661111;25.01222222;1
1000;TENKU;68.2183333;27.23277778;1
1000;TIGLU;64.4725000;27.00750000;1
1000;TIKRA;62.9861111;23.57888889;1
1000;TILDO;61.3416667;25.12583333;1
1000;TILTU;63.3536111;22.07944444;1
1000;TINOS;69.7916667;26.22777778;1
1000;TIPOT;64.2683333;27.47916667;1
1000;TISMA;63.0227778;23.05972222;1
1000;TISRU;67.0797222;27.06861111;1
1000;TOGMI;61.7619444;19.54027778;1
1000;TOKLA;65.8686111;28.74944444;1
1000;TOSLO;64.0152778;27.68944444;1
1000;TULTI;61.6855556;27.47222222;1
1000;TUNUS;60.3886111;23.08638889;1
1000;TUPSU;61.9916667;23.48500000;1
1000;TURSU;60.8105556;22.89166667;1
1000;TURUX;61.1547222;23.19111111;1
1000;TUSIS;62.4616667;27.28861111;1
1000;TUSKU;61.1247222;21.96416667;1
1000;TUVLU;67.6905556;23.49527778;1
1000;UBELO;61.7236111;23.71916667;1
1000;ULSEB;60.2258333;24.55750000;1
1000;ULTOS;65.3994444;25.48555556;1
1000;UMOTI;60.8969444;26.92916667;1
1000;UNURU;60.4647222;24.76555556;1
1000;UPEMI;63.4433333;21.55000000;1
1000;UPMOT;64.4297222;25.07694444;1
1000;UPULI;63.7491667;27.04305556;1
1000;URAKA;62.3713889;23.42250000;1
1000;UREDA;60.2388889;24.62305556;1
1000;URUVI;65.9644444;26.78888889;1
1000;USEPU;61.7263889;23.43555556;1
1000;USOPI;62.9558333;25.68416667;1
1000;UTELI;60.5244444;22.52583333;1
1000;UTESI;69.9172222;27.02888889;1
1000;UTUNU;63.7375000;25.77694444;1
1000;UVIKO;66.0952778;25.01638889;1
1000;UXETI;60.1411111;19.91444444;1
1000;UXUKU;67.6230556;24.89750000;1
1000;VABAS;62.3097222;25.88944444;1
1000;VADLA;69.7516667;28.79527778;1
1000;VAKAT;60.6850000;25.71361111;1
1000;VALAK;63.4186111;20.57416667;1
1000;VALOX;61.1141667;23.58888889;1
1000;VANIT;63.7372222;24.70416667;1
1000;VAPOT;66.1236111;25.81305556;1
1000;VASUL;64.5347222;23.34138889;1
1000;VAVIS;60.2350000;24.84416667;1
1000;VAVIX;62.9644444;25.23250000;1
1000;VAVOS;63.0413889;21.76500000;1
1000;VEDAN;62.7930556;28.88472222;1
1000;VEKEM;62.9130556;27.88444444;1
1000;VEKUV;62.9797222;27.81388889;1
1000;VELUN;61.1155556;23.96666667;1
1000;VEMOL;63.0869444;22.46583333;1
1000;VEMUX;66.9902778;25.88250000;1
1000;VEPIS;61.7797222;28.58416667;1
1000;VEREX;61.3305556;25.84638889;1
1000;VESUT;63.3777778;21.11194444;1
1000;VETUD;60.5083333;24.81138889;1
1000;VEXAT;63.4875000;22.59083333;1
1000;VEXUT;64.3019444;27.91972222;1
1000;VIBEP;60.4591667;24.24416667;1
1000;XAMIL;67.2725000;26.01583333;1
1000;XEDOG;61.9227778;25.66833333;1
1000;XELAR;60.5058333;25.13166667;1
1000;XOKNO;63.9877778;24.83694444;1
1000;XONTU;65.9405556;24.07666667;1
1000;XUPAV;60.1975000;24.84722222;1
